{
  "project_info": {
    "project_number": "762762336441",
    "firebase_url": "https://recyclearquiz.firebaseio.com",
    "project_id": "recyclearquiz",
    "storage_bucket": "recyclearquiz.appspot.com"
  },
  "client": [
    {
      "client_info": {
        "mobilesdk_app_id": "1:762762336441:android:8baad85ffa110cca8f2368",
        "android_client_info": {
          "package_name": "com.example.recyclearquiz"
        }
      },
      "oauth_client": [
        {
          "client_id": "762762336441-d088pfetlik7p65cr05nq8hgjcfi00fe.apps.googleusercontent.com",
          "client_type": 1,
          "android_info": {
            "package_name": "com.example.recyclearquiz",
            "certificate_hash": "acb6672956632a13ece0b80d1c45bf7c0db93168"
          }
        },
        {
          "client_id": "762762336441-bliftm23c8a7lchrip5ngu46e5jr46b1.apps.googleusercontent.com",
          "client_type": 3
        }
      ],
      "api_key": [
        {
          "current_key": "AIzaSyA1D3kxyH1IFvoK91Uv_y3tsN0_UH1FlVs"
        }
      ],
      "services": {
        "appinvite_service": {
          "other_platform_oauth_client": [
            {
              "client_id": "762762336441-bliftm23c8a7lchrip5ngu46e5jr46b1.apps.googleusercontent.com",
              "client_type": 3
            }
          ]
        }
      }
    }
  ],
  "configuration_version": "1"
}